time,density
2.9853658536585357,124889.26121184295
11.94146341463415,517947.46792312234
23.882926829268296,982376.5619058954
47.94146341463414,517947.46792312234
72,6702777.856695435
