time,relative-acc
12,0.9867055510860814
48,2.188093322606597
96,1.0763676588897821
