time,relative-acc
12,0.1958869670152854
48,0.469911504424779
96,3.4490949316170556
