time,relative-acc
12,0.22315969428801186
48,1.0971842316975056
96,0.6945494770716003
