time,relative-acc
12,0.11397827835880925
48,0.7289119066773928
96,0.8444589702333065
